compound,method,ecfb_passed,ecfb_path,ecbridge_passed,ecbridge_path,ecfseof_passed,ecfseof_path,time,status,error
cpd00322,ecfb,58,D:\pycharm\ecCZ845\ecfb_results\batch_20260404_010743\cpd00322\cpd00322_singletest_filtered.csv,,,,,981.01,success,
cpd00107,ecfb,63,D:\pycharm\ecCZ845\ecfb_results\batch_20260404_010743\cpd00107\cpd00107_singletest_filtered.csv,,,,,1028.31,success,
cpd00060,ecfb,62,D:\pycharm\ecCZ845\ecfb_results\batch_20260404_010743\cpd00060\cpd00060_singletest_filtered.csv,,,,,1100.23,success,
cpd00039,ecfb,51,D:\pycharm\ecCZ845\ecfb_results\batch_20260404_010743\cpd00039\cpd00039_singletest_filtered.csv,,,,,1113.25,success,
cpd00129,ecfb,48,D:\pycharm\ecCZ845\ecfb_results\batch_20260404_010743\cpd00129\cpd00129_singletest_filtered.csv,,,,,1033.39,success,
cpd00161,ecfb,52,D:\pycharm\ecCZ845\ecfb_results\batch_20260404_010743\cpd00161\cpd00161_singletest_filtered.csv,,,,,1144.17,success,
cpd00156,ecfb,60,D:\pycharm\ecCZ845\ecfb_results\batch_20260404_010743\cpd00156\cpd00156_singletest_filtered.csv,,,,,1195.61,success,
cpd00227,ecfb,52,D:\pycharm\ecCZ845\ecfb_results\batch_20260404_010743\cpd00227\cpd00227_singletest_filtered.csv,,,,,1130.95,success,
cpd00051,ecfb,61,D:\pycharm\ecCZ845\ecfb_results\batch_20260404_010743\cpd00051\cpd00051_singletest_filtered.csv,,,,,879.35,success,
cpd00069,ecfb,51,D:\pycharm\ecCZ845\ecfb_results\batch_20260404_010743\cpd00069\cpd00069_singletest_filtered.csv,,,,,801.53,success,
cpd00274,ecfb,58,D:\pycharm\ecCZ845\ecfb_results\batch_20260404_010743\cpd00274\cpd00274_singletest_filtered.csv,,,,,889.39,success,
cpd00064,ecfb,54,D:\pycharm\ecCZ845\ecfb_results\batch_20260404_010743\cpd00064\cpd00064_singletest_filtered.csv,,,,,941.47,success,
cpd00065,ecfb,56,D:\pycharm\ecCZ845\ecfb_results\batch_20260404_010743\cpd00065\cpd00065_singletest_filtered.csv,,,,,701.33,success,
cpd00054,ecfb,44,D:\pycharm\ecCZ845\ecfb_results\batch_20260404_010743\cpd00054\cpd00054_singletest_filtered.csv,,,,,724.72,success,
cpd00084,ecfb,49,D:\pycharm\ecCZ845\ecfb_results\batch_20260404_010743\cpd00084\cpd00084_singletest_filtered.csv,,,,,755.22,success,
cpd00119,ecfb,64,D:\pycharm\ecCZ845\ecfb_results\batch_20260404_010743\cpd00119\cpd00119_singletest_filtered.csv,,,,,740.44,success,
cpd00066,ecfb,50,D:\pycharm\ecCZ845\ecfb_results\batch_20260404_010743\cpd00066\cpd00066_singletest_filtered.csv,,,,,500.97,success,
