,Stage_01,Stage_02,Stage_03,Stage_04,Stage_05,Stage_06
succinate,4.901960784313726,5.025125628140704,12.32876712328767,12.76595744680851,12.5,22.857142857142858
L-Lysine,5.752212389380531,5.909090909090909,17.80821917808219,13.157894736842104,13.978494623655912,35.0
L-arginine,6.741573033707865,6.321839080459771,17.1875,14.084507042253522,9.523809523809524,20.37037037037037
L-serine,4.10958904109589,4.147465437788019,11.39240506329114,5.660377358490567,7.964601769911504,24.242424242424242
L-Methionine,3.982300884955752,4.072398190045249,8.333333333333332,14.925373134328357,7.913669064748201,18.181818181818183
L-ornithine,7.291666666666667,7.4866310160427805,25.0,16.25,15.887850467289718,35.294117647058826
L-Tryptophan,5.150214592274678,5.714285714285714,20.689655172413794,20.51282051282051,17.073170731707318,32.55813953488372
L-phenylalanine,6.358381502890173,6.470588235294119,22.22222222222222,28.57142857142857,16.363636363636363,30.303030303030305
L-Tyrosine,1.7241379310344827,1.7467248908296942,5.128205128205128,17.5,7.446808510638298,17.647058823529413
L-cysteine,2.8000000000000003,2.880658436213992,7.216494845360824,8.88888888888889,6.451612903225806,14.634146341463413
L-leucine,4.524886877828054,4.761904761904762,13.157894736842104,13.114754098360656,8.849557522123893,25.64102564102564
L-histidine,6.083650190114068,6.2015503875969,12.213740458015266,16.666666666666664,10.596026490066226,22.950819672131146
L-proline,5.88235294117647,6.097560975609756,20.833333333333336,12.068965517241379,10.989010989010989,28.125
L-Valine,5.555555555555555,5.714285714285714,12.5,15.909090909090908,8.823529411764707,24.390243902439025
L-Threonine,8.074534161490684,8.176100628930817,24.489795918367346,12.903225806451612,13.636363636363635,27.906976744186046
L-homoserine,5.116279069767442,5.213270142180095,19.565217391304348,12.5,10.714285714285714,24.324324324324326
L-citrulline,4.545454545454546,4.733727810650888,14.814814814814813,6.8493150684931505,7.547169811320755,21.62162162162162
L-Isoleucine,7.262569832402235,7.471264367816093,19.35483870967742,10.76923076923077,11.494252873563218,24.0
