gene_id,Target_reactions,type,sources,is_conflict,oe_sources,kd_sources
CEY17_RS11440,rxn00336_c;rxn00336_c_reverse,BOTH,ecBridge+ecFSEOF,True,ecBridge+ecFSEOF,ecBridge
CEY17_RS13130,rxncat_c,OE,ecBridge+ecFSEOF,False,ecBridge+ecFSEOF,
CEY17_RS00490,rxn02229_c;rxn02229_c_reverse,BOTH,ecBridge,True,ecBridge,ecBridge
CEY17_RS13335,rxnmqac_c,OE,ecBridge,False,ecBridge,
CEY17_RS05695,rxn00549_c,OE,ecBridge,False,ecBridge,
CEY17_RS06945,rxn01101_c;rxn01101_c_reverse,BOTH,ecBridge,True,ecBridge,ecBridge
CEY17_RS14115,rxn00786_c;rxn00786_c_reverse,BOTH,ecBridge+ecFSEOF,True,ecBridge,ecBridge+ecFSEOF
CEY17_RS04515,rxn02914_c;rxn02914_c_reverse,BOTH,ecBridge,True,ecBridge,ecBridge
CEY17_RS08485,rxn00747_c;rxn00747_c_reverse,BOTH,ecBridge+ecFSEOF,True,ecBridge,ecBridge+ecFSEOF
CEY17_RS08495,rxn00781_c;rxn00781_c_reverse,BOTH,ecBridge,True,ecBridge,ecBridge
CEY17_RS05085,rxn00770_c;rxn00770_c_reverse,BOTH,ecBridge,True,ecBridge,ecBridge
CEY17_RS08090,rxn00347_c;rxn00347_c_reverse,BOTH,ecBridge,True,ecBridge,ecBridge
CEY17_RS11335,rxn00165_c_num2;rxn00566_c,BOTH,ecBridge,True,ecBridge,ecBridge
CEY17_RS12390,rxn02302_c,OE,ecBridge,False,ecBridge,
CEY17_RS01410,rxn00260_c;rxn00260_c_reverse,OE,ecBridge,False,ecBridge,
CEY17_RS10320,rxn02320_c;rxn02320_c_reverse,BOTH,ecBridge,True,ecBridge,ecBridge
CEY17_RS02735,rxn01204_c;rxn01204_c_reverse;rxn01637_c_num2;rxn01637_c_reverse_num2,BOTH,ecBridge,True,ecBridge,ecBridge
CEY17_RS07510,rxn01637_c_num1;rxn01637_c_reverse_num1,BOTH,ecBridge+ecFSEOF,True,ecBridge,ecBridge+ecFSEOF
CEY17_RS06050,rxn03087_c_num2;rxn03087_c_reverse_num2,BOTH,ecBridge,True,ecBridge,ecBridge
CEY17_RS10815,rxn00806_c;rxn00806_c_reverse;rxn00903_c;rxn00903_c_reverse;rxn01575_c;rxn01575_c_reverse,BOTH,ecBridge,True,ecBridge,ecBridge
CEY17_RS01305,rxn00493_c;rxn00493_c_reverse;rxn00527_c;rxn00527_c_reverse,BOTH,ecBridge,True,ecBridge,ecBridge
CEY17_RS12365,rxn01233_c;rxn01233_c_reverse,BOTH,ecBridge,True,ecBridge,ecBridge
CEY17_RS04440,rxn03087_c_num1;rxn03087_c_reverse_num1;rxn05108_c;rxn05108_c_reverse,BOTH,ecBridge,True,ecBridge,ecBridge
CEY17_RS01090,rxn00085_c;rxn00085_c_reverse,BOTH,ecBridge+ecFSEOF,True,ecBridge,ecBridge+ecFSEOF
CEY17_RS01085,rxn00085_c;rxn00085_c_reverse,BOTH,ecBridge+ecFSEOF,True,ecBridge,ecBridge+ecFSEOF
CEY17_RS14520,rxn00191_c;rxn00191_c_reverse,BOTH,ecBridge+ecFSEOF,True,ecBridge,ecBridge+ecFSEOF
CEY17_RS10200,rxn00184a_c,OE,ecBridge,False,ecBridge,
CEY17_RS14910,rxn00184a_c;rxn00184b_c,BOTH,ecBridge,True,ecBridge,ecBridge
CEY17_RS13205,rxn00790_c,OE,ecBridge,False,ecBridge,
CEY17_RS10510,rxn00342_c,OE,ecBridge,False,ecBridge,
CEY17_RS06770,rxn06520_c;rxn06520_c_reverse;rxn06619_c;rxn06619_c_reverse,BOTH,ecBridge+ecFSEOF,True,ecBridge+ecFSEOF,ecBridge
CEY17_RS06775,rxn06520_c;rxn06520_c_reverse;rxn06619_c;rxn06619_c_reverse,BOTH,ecBridge+ecFSEOF,True,ecBridge+ecFSEOF,ecBridge
CEY17_RS06825,rxn06520_c;rxn06520_c_reverse;rxn06619_c;rxn06619_c_reverse,BOTH,ecBridge+ecFSEOF,True,ecBridge+ecFSEOF,ecBridge
CEY17_RS13225,rxn03084_c,OE,ecBridge,False,ecBridge,
CEY17_RS13230,rxn03084_c,OE,ecBridge,False,ecBridge,
CEY17_RS13235,rxn03084_c,OE,ecBridge,False,ecBridge,
CEY17_RS08295,rxn00917_c,BOTH,ecBridge+ecFSEOF,True,ecBridge,ecFSEOF
CEY17_RS07625,rxn00412_c,OE,ecBridge,False,ecBridge,
CEY17_RS11145,rxn00555_c;rxn00555_c_reverse,OE,ecBridge,False,ecBridge,
CEY17_RS05595,rxn01257_c,OE,ecBridge,False,ecBridge,
CEY17_RS10780,rxn00340_c;rxn00416_c,BOTH,ecBridge,True,ecBridge,ecBridge
CEY17_RS08600,rxn00113_c;rxn00414_c,OE,ecBridge+ecFSEOF,False,ecBridge+ecFSEOF,
CEY17_RS08605,rxn00113_c;rxn00414_c,OE,ecBridge+ecFSEOF,False,ecBridge+ecFSEOF,
CEY17_RS10270,rxn03135_c,OE,ecBridge,False,ecBridge,
CEY17_RS10285,rxn03135_c,OE,ecBridge,False,ecBridge,
CEY17_RS04235,rxn05144_c,OE,ecBridge,False,ecBridge,
CEY17_RS04240,rxn05144_c,OE,ecBridge,False,ecBridge,
CEY17_RS15755,rxn00727_c,OE,ecBridge,False,ecBridge,
CEY17_RS15760,rxn00727_c,OE,ecBridge,False,ecBridge,
CEY17_RS12610,rxn00189_c,OE,ecBridge,False,ecBridge,
CEY17_RS06790,rxn00545_c;rxn02314_c_num3;rxn02315_c;rxn02316_c;rxn02317_c,KD,ecBridge+ecFSEOF,False,,ecBridge+ecFSEOF
CEY17_RS08780,rxn00165_c_num1,KD,ecBridge,False,,ecBridge
CEY17_RS11435,rxn00330_c,BOTH,ecBridge+ecFSEOF,True,ecFSEOF,ecBridge
CEY17_RS10690,rxn01332_c_num1,KD,ecBridge+ecFSEOF,False,,ecBridge+ecFSEOF
CEY17_RS05570,rxn01332_c_num2,KD,ecBridge,False,,ecBridge
CEY17_RS13070,rxn00649_c,KD,ecBridge,False,,ecBridge
CEY17_RS06460,rxn01300_c,KD,ecBridge,False,,ecBridge
CEY17_RS09360,rxn01644_c,KD,ecBridge,False,,ecBridge
CEY17_RS13285,rxn02895_c,KD,ecBridge,False,,ecBridge
CEY17_RS15780,rxn00474_c,KD,ecBridge,False,,ecBridge
CEY17_RS08615,rxn01018_c,KD,ecBridge,False,,ecBridge
CEY17_RS10860,rxn00187_c_num2;rxn03406_c_num2,BOTH,ecBridge+ecFSEOF,True,ecFSEOF,ecBridge
CEY17_RS10925,rxn00187_c_num1,KD,ecBridge,False,,ecBridge
CEY17_RS08270,rxn03147_c,KD,ecBridge,False,,ecBridge
CEY17_RS14095,rxn00838_c,KD,ecBridge,False,,ecBridge
CEY17_RS08450,rxn00604_c;rxn00604_c_reverse,OE,ecBridge+ecFSEOF,False,ecBridge+ecFSEOF,
CEY17_RS08445,rxn00604_c;rxn00604_c_reverse,OE,ecBridge+ecFSEOF,False,ecBridge+ecFSEOF,
CEY17_RS08435,rxn00785_c;rxn00785_c_reverse;rxn15228_c;rxn15228_c_reverse,OE,ecBridge+ecFSEOF,False,ecBridge+ecFSEOF,
CEY17_RS11900,rxn00777_c,OE,ecBridge,False,ecBridge,
CEY17_RS10005,rxn00269_c,OE,ecBridge+ecFSEOF,False,ecBridge+ecFSEOF,
CEY17_RS08440,rxn01333_c;rxn01333_c_reverse,OE,ecBridge+ecFSEOF,False,ecBridge+ecFSEOF,
CEY17_RS01500,rxn00337_c;rxn00337_c_reverse,OE,ecBridge+ecFSEOF,False,ecBridge+ecFSEOF,
CEY17_RS08545,rxn01116_c;rxn01116_c_reverse,OE,ecBridge+ecFSEOF,False,ecBridge+ecFSEOF,
CEY17_RS03595,rxn00952_c;rxn06078_c,OE,ecBridge+ecFSEOF,False,ecBridge+ecFSEOF,
CEY17_RS14330,rxn00379_c;rxn03373_c;rxn05239_c;rxn05256_c;rxn09240_c,OE,ecBridge+ecFSEOF,False,ecBridge+ecFSEOF,
CEY17_RS14335,rxn00379_c;rxn03373_c;rxn05239_c;rxn05256_c;rxn09240_c,OE,ecBridge+ecFSEOF,False,ecBridge+ecFSEOF,
CEY17_RS14325,rxn00379_c;rxn03373_c;rxn05239_c;rxn05256_c;rxn09240_c,OE,ecBridge+ecFSEOF,False,ecBridge+ecFSEOF,
CEY17_RS08110,rxn00693_c_num2;rxn00693_c_reverse_num2;rxn03052_c_num2;rxn11944_c_num2;rxn16206_c_num2;rxn16206_c_reverse_num2,OE,ecBridge+ecFSEOF,False,ecBridge+ecFSEOF,
CEY17_RS06230,rxn00693_c_reverse_num1,OE,ecBridge,False,ecBridge,
CEY17_RS03590,rxn01303_c,OE,ecBridge+ecFSEOF,False,ecBridge+ecFSEOF,
CEY17_RS14055,rxn00225_c;rxn00225_c_reverse;rxn00985_c;rxn00985_c_reverse;rxn06197_c;rxn06197_c_reverse,OE,ecBridge+ecFSEOF,False,ecBridge+ecFSEOF,
CEY17_RS14345,rxn00623_c;rxn00623_c_reverse,OE,ecBridge+ecFSEOF,False,ecBridge+ecFSEOF,
CEY17_RS05590,rxn00692_c;rxn00692_c_reverse,OE,ecBridge+ecFSEOF,False,ecBridge+ecFSEOF,
CEY17_RS14930,rxn07437_c_reverse,OE,ecBridge,False,ecBridge,
CEY17_RS06455,rxn01302_c;rxn01302_c_reverse,OE,ecBridge+ecFSEOF,False,ecBridge+ecFSEOF,
CEY17_RS14850,rxn03974_c_num2;rxn03975_c_num2;rxn08521_c;rxnfad1_c_num1;rxnfad2_c_num1;rxnfad3_c_num1;rxnfmn_c_num1;rxnriboflavin_c,OE,ecFSEOF,False,ecFSEOF,
CEY17_RS10725,rxn00216_c_num1,OE,ecFSEOF,False,ecFSEOF,
CEY17_RS01670,rxn00947_c_num2;rxn00988_c_num2;rxn01182_c;rxn01427_c;rxn05247_c_num1;rxn05248_c_num2;rxn05249_c_num1;rxn05250_c_num3;rxn05251_c_num3;rxn05252_c_num2;rxn05736_c_num2;rxn08448_c_num2;rxn08449_c_num2;rxn08450_c_num2;rxn08451_c_num2;rxn08451_c_reverse_num2;rxn08452_c_num2;rxn08453_c_num2;rxn08453_c_reverse_num2;rxn08454_c_num2;rxn08455_c_num2;rxn08455_c_reverse_num2;rxn08456_c_num2;rxn08457_c_num2;rxn09448_c_num2;rxn09449_c_num2;rxn09450_c_num2,OE,ecFSEOF,False,ecFSEOF,
CEY17_RS09025,rxn01519_c_num1,OE,ecFSEOF,False,ecFSEOF,
CEY17_RS13150,rxn05145_c,OE,ecFSEOF,False,ecFSEOF,
CEY17_RS13155,rxn05145_c,OE,ecFSEOF,False,ecFSEOF,
CEY17_RS13145,rxn05145_c,OE,ecFSEOF,False,ecFSEOF,
CEY17_RS13160,rxn05145_c,OE,ecFSEOF,False,ecFSEOF,
CEY17_RS11180,rxn06438_c,OE,ecFSEOF,False,ecFSEOF,
CEY17_RS14615,rxn00247_c,OE,ecFSEOF,False,ecFSEOF,
CEY17_RS09475,rxn06445_c,OE,ecFSEOF,False,ecFSEOF,
CEY17_RS03925,rxn05322_c;rxn05324_c;rxn05325_c;rxn05326_c;rxn05327_c;rxn05336_c;rxn05337_c;rxn05337_c_reverse;rxn05338_c;rxn05340_c;rxn05340_c_reverse;rxn05341_c;rxn05341_c_reverse;rxn05342_c;rxn05342_c_reverse;rxn07987_c;rxn07987_c_reverse;rxn07989_c;rxn07989_c_reverse;rxn07991_c;rxn07991_c_reverse;rxn07992_c;rxn07992_c_reverse;rxn07993_c;rxn07993_c_reverse;rxn07994_c;rxn07994_c_reverse;rxn08386_c;rxn08390_c;rxn08392_c;rxn08392_c_reverse;rxn08394_c;rxn08395_c;rxn08396_c;rxn08398_c;rxn08399_c;rxn25750_c,OE,ecFSEOF,False,ecFSEOF,
CEY17_RS01680,rxn05336_c;rxn05337_c;rxn05337_c_reverse;rxn05340_c;rxn05340_c_reverse;rxn05342_c;rxn05342_c_reverse;rxn07987_c;rxn07987_c_reverse;rxn07989_c;rxn07989_c_reverse;rxn07991_c;rxn07991_c_reverse;rxn07992_c;rxn07992_c_reverse;rxn07993_c;rxn07993_c_reverse;rxn07994_c;rxn07994_c_reverse;rxn12240_c;rxn12240_c_reverse;rxn12676_c;rxn12676_c_reverse,OE,ecFSEOF,False,ecFSEOF,
CEY17_RS13095,rxn00285_c;rxn00285_c_reverse;rxn01731_c;rxn01731_c_reverse,BOTH,ecFSEOF,True,ecFSEOF,ecFSEOF
CEY17_RS13100,rxn00285_c;rxn00285_c_reverse;rxn01731_c;rxn01731_c_reverse,BOTH,ecFSEOF,True,ecFSEOF,ecFSEOF
CEY17_RS10540,rxn06440_c,OE,ecFSEOF,False,ecFSEOF,
CEY17_RS15690,rxn06441_c,OE,ecFSEOF,False,ecFSEOF,
CEY17_RS03720,rxn06448_c,OE,ecFSEOF,False,ecFSEOF,
CEY17_RS08735,rxn06936_c,OE,ecFSEOF,False,ecFSEOF,
CEY17_RS04845,rxn06443_c,OE,ecFSEOF,False,ecFSEOF,
CEY17_RS06435,rxn06432_c,OE,ecFSEOF,False,ecFSEOF,
CEY17_RS08790,rxn06439_c,OE,ecFSEOF,False,ecFSEOF,
CEY17_RS07550,rxn06280_c,OE,ecFSEOF,False,ecFSEOF,
CEY17_RS13500,rxn06435_c,OE,ecFSEOF,False,ecFSEOF,
CEY17_RS07475,rxn06444_c,OE,ecFSEOF,False,ecFSEOF,
CEY17_RS07470,rxn06444_c,OE,ecFSEOF,False,ecFSEOF,
CEY17_RS13725,rxn06442_c,OE,ecFSEOF,False,ecFSEOF,
CEY17_RS08720,rxn06300_c,OE,ecFSEOF,False,ecFSEOF,
CEY17_RS06990,rxn06436_c,OE,ecFSEOF,False,ecFSEOF,
CEY17_RS08910,rxn06447_c,OE,ecFSEOF,False,ecFSEOF,
CEY17_RS14750,rxn06446_c,OE,ecFSEOF,False,ecFSEOF,
CEY17_RS11660,rxn06449_c,OE,ecFSEOF,False,ecFSEOF,
CEY17_RS05725,rxn04113_c;rxn04996_c,OE,ecFSEOF,False,ecFSEOF,
CEY17_RS02120,rxn00288_c;rxn00288_c_reverse,BOTH,ecFSEOF,True,ecFSEOF,ecFSEOF
CEY17_RS02125,rxn00288_c;rxn00288_c_reverse,BOTH,ecFSEOF,True,ecFSEOF,ecFSEOF
CEY17_RS02115,rxn00288_c;rxn00288_c_reverse,BOTH,ecFSEOF,True,ecFSEOF,ecFSEOF
CEY17_RS05650,rxn00799_c;rxn00799_c_reverse,BOTH,ecFSEOF,True,ecFSEOF,ecFSEOF
CEY17_RS04635,rxn00558_c;rxn00558_c_reverse,BOTH,ecFSEOF,True,ecFSEOF,ecFSEOF
CEY17_RS11740,rxn00178_c_num1;rxn00178_c_reverse_num1;rxn00598_c;rxn00598_c_reverse;rxn00676_c;rxn00676_c_reverse;rxn00874_c_num1;rxn00874_c_reverse_num1;rxn02680_c;rxn02680_c_reverse;rxn02804_c;rxn02804_c_reverse;rxn03243_c;rxn03243_c_reverse;rxn03248_c;rxn03248_c_reverse;rxn06510_c;rxn06510_c_reverse,OE,ecFSEOF,False,ecFSEOF,
CEY17_RS01690,rxn00872_c;rxn00872_c_reverse;rxn00946_c;rxn00946_c_reverse;rxn01802_c;rxn02169_c;rxn02679_c;rxn02679_c_reverse;rxn02720_c;rxn02720_c_reverse;rxn02803_c;rxn02803_c_reverse;rxn03251_c;rxn03251_c_reverse;rxn03253_c;rxn03253_c_reverse;rxn12240_c;rxn12240_c_reverse;rxn12676_c;rxn12676_c_reverse,OE,ecFSEOF,False,ecFSEOF,
CEY17_RS01685,rxn12676_c;rxn12676_c_reverse,OE,ecFSEOF,False,ecFSEOF,
CEY17_RS01695,rxn12676_c;rxn12676_c_reverse,OE,ecFSEOF,False,ecFSEOF,
CEY17_RS11630,rxn00107_c;rxn00107_c_reverse;rxn00117_c;rxn00117_c_reverse;rxn00237_c;rxn00237_c_reverse;rxn00238_c;rxn00238_c_reverse;rxn00409_c;rxn00409_c_reverse;rxn00515_c;rxn00839_c;rxn00839_c_reverse;rxn01353_c;rxn01353_c_reverse;rxn01512_c;rxn01512_c_reverse;rxn01673_c;rxn01673_c_reverse;rxn01678_c;rxn01678_c_reverse;rxn02517_c;rxn02517_c_reverse,OE,ecFSEOF,False,ecFSEOF,
CEY17_RS01535,rxn05243_c;rxn05244_c;rxn05615_c;rxn05669_c;rxn08722_c;rxn08722_c_reverse,OE,ecFSEOF,False,ecFSEOF,
CEY17_RS01540,rxn05243_c;rxn05244_c;rxn05615_c;rxn05669_c;rxn08722_c;rxn08722_c_reverse,OE,ecFSEOF,False,ecFSEOF,
CEY17_RS10655,rxn04954_c;rxn04954_c_reverse,OE,ecFSEOF,False,ecFSEOF,
CEY17_RS07905,rxn05651_c_num1,OE,ecFSEOF,False,ecFSEOF,
CEY17_RS03800,rxn05289_c_num2;rxn05289_c_reverse_num2;rxn05910_c_num1;rxn11571_c_num1;rxn16213_c_num1,OE,ecFSEOF,False,ecFSEOF,
CEY17_RS14060,rxn00173_c;rxn00173_c_reverse;rxn00670_c;rxn00670_c_reverse;rxn01701_c;rxn11892_c;rxn11892_c_reverse,OE,ecFSEOF,False,ecFSEOF,
CEY17_RS01505,rxn01643_c,OE,ecFSEOF,False,ecFSEOF,
CEY17_RS07800,rxn01115_c,OE,ecFSEOF,False,ecFSEOF,
CEY17_RS08455,rxn01476_c,OE,ecFSEOF,False,ecFSEOF,
CEY17_RS11015,rxn00011_c;rxn00154_c;rxn02342_c;rxn02342_c_reverse,KD,ecFSEOF,False,,ecFSEOF
CEY17_RS02085,rxn00154_c;rxn01241_c;rxn01241_c_reverse;rxn08094_c,KD,ecFSEOF,False,,ecFSEOF
CEY17_RS10830,rxn00154_c;rxn01871_c;rxn01871_c_reverse;rxn08094_c,KD,ecFSEOF,False,,ecFSEOF
CEY17_RS06585,rxn00062_c;rxn08173_c,KD,ecFSEOF,False,,ecFSEOF
CEY17_RS06590,rxn00062_c;rxn08173_c,KD,ecFSEOF,False,,ecFSEOF
CEY17_RS06595,rxn00062_c;rxn08173_c,KD,ecFSEOF,False,,ecFSEOF
CEY17_RS06600,rxn00062_c;rxn08173_c,KD,ecFSEOF,False,,ecFSEOF
CEY17_RS06570,rxn00062_c;rxn08173_c,KD,ecFSEOF,False,,ecFSEOF
CEY17_RS06605,rxn00062_c;rxn08173_c,KD,ecFSEOF,False,,ecFSEOF
CEY17_RS06580,rxn00062_c;rxn08173_c,KD,ecFSEOF,False,,ecFSEOF
CEY17_RS10775,rxn00058_c_num1;rxnbccaa3_c,KD,ecFSEOF,False,,ecFSEOF
CEY17_RS10750,rxn08287_c;rxnbccaa3_c,KD,ecFSEOF,False,,ecFSEOF
CEY17_RS10755,rxnbccaa3_c,KD,ecFSEOF,False,,ecFSEOF
CEY17_RS10760,rxn00058_c_num4;rxnbccaa3_c,KD,ecFSEOF,False,,ecFSEOF
CEY17_RS12850,rxn00058_c_num2;rxnbccaa3_c,KD,ecFSEOF,False,,ecFSEOF
CEY17_RS10770,rxn00058_c_num3;rxnbccaa3_c,KD,ecFSEOF,False,,ecFSEOF
CEY17_RS10745,rxnbccaa3_c,KD,ecFSEOF,False,,ecFSEOF
CEY17_RS06290,rxn08287_c,KD,ecFSEOF,False,,ecFSEOF
CEY17_RS06285,rxn08287_c,KD,ecFSEOF,False,,ecFSEOF
CEY17_RS06180,rxn08094_c,KD,ecFSEOF,False,,ecFSEOF
CEY17_RS12665,rxn05343_c_num1;rxn05345_c_num1;rxn05346_c_num1;rxn05348_c_num1;rxn05350_c_num1;rxn06023_c_num1;rxn07997_c_num1;rxn07998_c_num1;rxn08000_c_num1;rxn08001_c_num1;rxn08002_c_num1;rxn08017_c_num1;rxn08017_c_reverse_num1;rxn08018_c_num1;rxn08018_c_reverse_num1;rxn08019_c_num1;rxn08766_c_num1;rxn08766_c_reverse_num1;rxn25647_c_num1,KD,ecFSEOF,False,,ecFSEOF
CEY17_RS10255,rxn02507_c_num2,KD,ecFSEOF,False,,ecFSEOF
CEY17_RS10440,rxn00737_c,KD,ecFSEOF,False,,ecFSEOF
CEY17_RS04290,rxn02160_c_num1,KD,ecFSEOF,False,,ecFSEOF
CEY17_RS13390,rxn10484_c;rxn10484_c_reverse,KD,ecFSEOF,False,,ecFSEOF
CEY17_RS04595,rxn00655_c;rxn00655_c_reverse;rxn00686_c;rxn00686_c_reverse;rxn01602_c;rxn01602_c_reverse;rxn12649_c,KD,ecFSEOF,False,,ecFSEOF
CEY17_RS04600,rxn01520_c;rxn03063_c;rxn03063_c_reverse;rxn07312_c,KD,ecFSEOF,False,,ecFSEOF
CEY17_RS11550,rxn00105_c_num2;rxn00105_c_reverse_num2;rxn01479_c;rxn01479_c_reverse;rxn02155_c_num1;rxn02961_c,KD,ecFSEOF,False,,ecFSEOF
CEY17_RS09515,rxn06488_c_num1;rxn06488_c_reverse_num1;rxn08796_c_num2;rxn08797_c_num2;rxn08798_c_num2;rxn08799_c_num1;rxn08799_c_reverse_num1;rxn08800_c_num2;rxn08800_c_reverse_num2;rxn08801_c_num1;rxn08802_c_num1;rxn08802_c_reverse_num1;rxn08803_c_num2;rxn08803_c_reverse_num2;rxn08804_c_num1;rxn08804_c_reverse_num1;rxn08805_c_num2;rxn08805_c_reverse_num2;rxn08806_c_num1;rxn08806_c_reverse_num1;rxn08807_c_num2;rxn08807_c_reverse_num2;rxn08808_c_num1;rxn08809_c_num2;rxn08809_c_reverse_num2;rxn08810_c_num1;rxn08810_c_reverse_num1;rxn08811_c_num2;rxn08811_c_reverse_num2;rxn08812_c_num2;rxn08812_c_reverse_num2;rxn08813_c_num2;rxn08813_c_reverse_num2;rxn08814_c_num2;rxn08814_c_reverse_num2;rxn08815_c_num1;rxn08815_c_reverse_num1;rxn08816_c_num1;rxn08816_c_reverse_num1;rxn08817_c_num1;rxn08817_c_reverse_num1;rxn08818_c_num2;rxn08818_c_reverse_num2;rxn08819_c_num1;rxn08820_c_num1;rxn08820_c_reverse_num1;rxn08821_c_num2;rxn08821_c_reverse_num2;rxn08822_c_num2;rxn08822_c_reverse_num2;rxn08823_c_num1;rxn08823_c_reverse_num1;rxn08838_c_num2;rxn08838_c_reverse_num2;rxn08839_c_num2;rxn08839_c_reverse_num2;rxn08840_c_num2;rxn08841_c_num1;rxn08841_c_reverse_num1;rxn08842_c_num1;rxn08842_c_reverse_num1;rxn08843_c_num1;rxn08843_c_reverse_num1;rxn08844_c_num1;rxn08844_c_reverse_num1;rxn08845_c_num2;rxn08845_c_reverse_num2;rxn08846_c_num2;rxn08846_c_reverse_num2;rxn08847_c_num1;rxn08848_c_num2;rxn08848_c_reverse_num2;rxn08849_c_num1;rxn08849_c_reverse_num1;rxn08850_c_num2;rxn08850_c_reverse_num2;rxn08851_c_num1;rxn08851_c_reverse_num1,KD,ecFSEOF,False,,ecFSEOF
CEY17_RS08785,rxn00612_c_num2;rxn00612_c_reverse_num2,KD,ecFSEOF,False,,ecFSEOF
CEY17_RS14735,rxn00615_c;rxn01754_c;rxn01754_c_reverse,KD,ecFSEOF,False,,ecFSEOF
CEY17_RS13050,rxn00461_c;rxn00461_c_reverse,KD,ecFSEOF,False,,ecFSEOF
CEY17_RS07675,rxn00364_c;rxn00364_c_reverse;rxn00707_c;rxn01219_c;rxn01219_c_reverse,KD,ecFSEOF,False,,ecFSEOF
CEY17_RS03470,rxn01213_c_num1;rxn01466_c_num3;rxn01486_c_num2;rxn06297_c_num1;rxn06297_c_reverse_num1,KD,ecFSEOF,False,,ecFSEOF
CEY17_RS09610,rxn00119_c_num1;rxn00119_c_reverse_num1;rxn01517_c_num1;rxn01517_c_reverse_num1,KD,ecFSEOF,False,,ecFSEOF
CEY17_RS08285,rxn00974_c;rxn00974_c_reverse;rxn01388_c;rxn01388_c_reverse,KD,ecFSEOF,False,,ecFSEOF
CEY17_RS04520,rxn00256_c,KD,ecFSEOF,False,,ecFSEOF
CEY17_RS03355,rxn00834_c;rxn00834_c_reverse,KD,ecFSEOF,False,,ecFSEOF
CEY17_RS03360,rxn00834_c;rxn00834_c_reverse,KD,ecFSEOF,False,,ecFSEOF
CEY17_RS08585,rxn00239_c;rxn00239_c_reverse;rxn01509_c;rxn01509_c_reverse;rxn01517_c_num2;rxn01517_c_reverse_num2;rxn05814_c;rxn05814_c_reverse;rxn09562_c;rxn09562_c_reverse,KD,ecFSEOF,False,,ecFSEOF
CEY17_RS15665,rxnmqfadh2_c_num1;rxnmqfadh2_c_reverse_num1,KD,ecFSEOF,False,,ecFSEOF
CEY17_RS10245,rxn00148_c_num1,KD,ecFSEOF,False,,ecFSEOF
CEY17_RS02610,rxn05312_c;rxn11268_c,KD,ecFSEOF,False,,ecFSEOF
CEY17_RS06915,rxn00868_c;rxn01923_c;rxn02268_c,KD,ecFSEOF,False,,ecFSEOF
CEY17_RS13925,rxn00178_c_num2;rxn00178_c_reverse_num2;rxn00874_c_num2;rxn00874_c_reverse_num2,KD,ecFSEOF,False,,ecFSEOF
