,ET-EComp,ET-ESEOF,"ET-OptME
Intersection","ET-OptME
Union",ecFB
L-Lysine,20.37,8.39,52.63,7.37,23.53
L-arginine,24.39,5.65,35.0,6.57,19.67
L-serine,21.88,4.32,46.15,4.41,18.18
L-ornithine,17.54,4.71,28.0,5.38,24.07
L-Tryptophan,20.34,5.62,38.1,6.57,23.21
L-phenylalanine,6.79,4.73,17.39,3.86,22.0
L-Tyrosine,2.48,2.48,7.14,1.79,11.76
L-cysteine,8.45,50.0,50.0,9.59,12.24
L-leucine,40.0,3.14,33.33,5.88,14.29
L-histidine,31.71,6.25,36.0,7.95,20.31
L-proline,16.98,3.19,27.27,4.11,18.75
L-Valine,14.08,5.92,25.93,6.1,16.67
L-Threonine,17.78,6.04,63.64,5.56,21.15
L-homoserine,14.58,5.24,27.78,5.43,23.08
L-citrulline,14.58,3.41,23.81,3.94,13.79
L-Isoleucine,21.15,3.92,29.41,6.38,22.41
